Rua;Area sugerida;Tipo;Criterio;Latitude;Longitude
Rua Arara;ESF Canarinho;ESF;dentro do poligono;-29.895286;-51.070202
Rua Martin Pescador;ESF Canarinho;ESF;dentro do poligono;-29.894434;-51.071692
Rua Adi Soares;ESF Carlos Wilkens;ESF;dentro do poligono;-29.954841;-51.109948
Rua Alceu de L. Finger;ESF Carlos Wilkens;ESF;dentro do poligono;-29.948576;-51.111156
Rua Canaã;ESF Carlos Wilkens;ESF;dentro do poligono;-29.952161;-51.111357
Rua José L. de O. Thedy;ESF Carlos Wilkens;ESF;dentro do poligono;-29.953179;-51.11079
Rua Major Antônio Silveira de Lima;ESF Carlos Wilkens;ESF;dentro do poligono;-29.951212;-51.103958
Rua Mércio Xavier;ESF Carlos Wilkens;ESF;dentro do poligono;-29.955952;-51.109303
Rua Olegário Ramiro Beck;ESF Carlos Wilkens;ESF;dentro do poligono;-29.952554;-51.111784
Rua Osório Dihl;ESF Carlos Wilkens;ESF;dentro do poligono;-29.956107;-51.110368
Rua Pompilho C. Fialho;ESF Carlos Wilkens;ESF;dentro do poligono;-29.954242;-51.111642
Rua Rui Barbosa;ESF Carlos Wilkens;ESF;dentro do poligono;-29.957427;-51.107482
Rua Snataines;ESF Carlos Wilkens;ESF;dentro do poligono;-29.958411;-51.108062
Rua Tomás Jobim;ESF Carlos Wilkens;ESF;dentro do poligono;-29.9485;-51.110537
Rua da Várzea;ESF Carlos Wilkens;ESF;dentro do poligono;-29.947625;-51.109213
Travessa Olegário Beck;ESF Carlos Wilkens;ESF;dentro do poligono;-29.953032;-51.111216
Travessa Pompilho Fialho;ESF Carlos Wilkens;ESF;dentro do poligono;-29.954796;-51.111871
Avenida Safira;ESF Jardim Betania;ESF;dentro do poligono;-29.872787;-51.11118
Estrada Passo do Nazário;ESF Jardim Betania;ESF;fora dos poligonos (unidade mais proxima);-29.870787;-51.112705
Estrada dos Caetanos;ESF Jardim Betania;ESF;dentro do poligono;-29.877803;-51.107933
Rua 22;ESF Jardim Betania;ESF;dentro do poligono;-29.871664;-51.111715
Rua 25;ESF Jardim Betania;ESF;dentro do poligono;-29.871852;-51.111242
Rua 27;ESF Jardim Betania;ESF;dentro do poligono;-29.875961;-51.110228
Rua 28;ESF Jardim Betania;ESF;dentro do poligono;-29.873932;-51.110264
Rua 29;ESF Jardim Betania;ESF;dentro do poligono;-29.871838;-51.110351
Rua 30;ESF Jardim Betania;ESF;dentro do poligono;-29.875937;-51.109772
Rua 31;ESF Jardim Betania;ESF;dentro do poligono;-29.874056;-51.109823
Rua 32;ESF Jardim Betania;ESF;dentro do poligono;-29.871635;-51.109865
Rua 33;ESF Jardim Betania;ESF;dentro do poligono;-29.878192;-51.10926
Rua 34;ESF Jardim Betania;ESF;dentro do poligono;-29.87591;-51.109319
Rua 35;ESF Jardim Betania;ESF;dentro do poligono;-29.87391;-51.109349
Rua 36;ESF Jardim Betania;ESF;dentro do poligono;-29.871837;-51.109416
Rua 37;ESF Jardim Betania;ESF;dentro do poligono;-29.878283;-51.108776
Rua 38;ESF Jardim Betania;ESF;dentro do poligono;-29.875877;-51.10886
Rua 39;ESF Jardim Betania;ESF;dentro do poligono;-29.873903;-51.108891
Rua 40;ESF Jardim Betania;ESF;dentro do poligono;-29.871827;-51.10895
Rua 41;ESF Jardim Betania;ESF;dentro do poligono;-29.874005;-51.108417
Rua 42;ESF Jardim Betania;ESF;dentro do poligono;-29.878317;-51.107848
Rua 43;ESF Jardim Betania;ESF;fora dos poligonos (unidade mais proxima);-29.871798;-51.107983
Rua 44;ESF Jardim Betania;ESF;dentro do poligono;-29.878328;-51.107382
Rua 50;ESF Jardim Betania;ESF;dentro do poligono;-29.87125;-51.111495
Rua 51;ESF Jardim Betania;ESF;dentro do poligono;-29.871813;-51.115705
Rua 52;ESF Jardim Betania;ESF;dentro do poligono;-29.871518;-51.114289
Rua 53;ESF Jardim Betania;ESF;dentro do poligono;-29.871607;-51.112172
Rua 54;ESF Jardim Betania;ESF;dentro do poligono;-29.871557;-51.109413
Rua 55;ESF Jardim Betania;ESF;dentro do poligono;-29.872228;-51.115841
Rua 57;ESF Jardim Betania;ESF;dentro do poligono;-29.87218;-51.11309
Rua 58;ESF Jardim Betania;ESF;dentro do poligono;-29.872117;-51.109396
Rua 62;ESF Jardim Betania;ESF;dentro do poligono;-29.873298;-51.110521
Rua 62A;ESF Jardim Betania;ESF;dentro do poligono;-29.87327;-51.109137
Rua 62B;ESF Jardim Betania;ESF;dentro do poligono;-29.873552;-51.109819
Rua 70;ESF Jardim Betania;ESF;fora dos poligonos (unidade mais proxima);-29.891582;-51.092982
Rua 83;ESF Jardim Betania;ESF;dentro do poligono;-29.876461;-51.109536
Rua 86;ESF Jardim Betania;ESF;dentro do poligono;-29.877887;-51.108893
Rua 87;ESF Jardim Betania;ESF;dentro do poligono;-29.878461;-51.108686
Rua Alexandrita;ESF Jardim Betania;ESF;dentro do poligono;-29.874247;-51.113979
Rua Aloncio Gomes Correa;ESF Jardim Betania;ESF;dentro do poligono;-29.889211;-51.084238
Rua Amazônia;ESF Jardim Betania;ESF;dentro do poligono;-29.876006;-51.111166
Rua Aquamarine;ESF Jardim Betania;ESF;dentro do poligono;-29.873072;-51.113077
Rua Cipó;ESF Jardim Betania;ESF;dentro do poligono;-29.868926;-51.115377
Rua Citrino;ESF Jardim Betania;ESF;dentro do poligono;-29.873364;-51.114226
Rua Coqueiros;ESF Jardim Betania;ESF;dentro do poligono;-29.86816;-51.116517
Rua Cuibá;ESF Jardim Betania;ESF;dentro do poligono;-29.887155;-51.085413
Rua Curumin;ESF Jardim Betania;ESF;dentro do poligono;-29.8918;-51.088853
Rua Diamante;ESF Jardim Betania;ESF;dentro do poligono;-29.873938;-51.116003
Rua Esmeralda;ESF Jardim Betania;ESF;dentro do poligono;-29.873015;-51.114944
Rua Espinela;ESF Jardim Betania;ESF;dentro do poligono;-29.876313;-51.111852
Rua Florida;ESF Jardim Betania;ESF;dentro do poligono;-29.875697;-51.11253
Rua Graciano Silva Machado;ESF Jardim Betania;ESF;dentro do poligono;-29.889177;-51.084717
Rua Hematita;ESF Jardim Betania;ESF;dentro do poligono;-29.875862;-51.112084
Rua Imbituba;ESF Jardim Betania;ESF;dentro do poligono;-29.892157;-51.088912
Rua Imperador;ESF Jardim Betania;ESF;dentro do poligono;-29.88235;-51.111053
Rua Jacinto;ESF Jardim Betania;ESF;dentro do poligono;-29.876953;-51.110373
Rua Jade;ESF Jardim Betania;ESF;dentro do poligono;-29.8734;-51.116036
Rua Jaspe;ESF Jardim Betania;ESF;dentro do poligono;-29.875039;-51.110716
Rua Jurerê;ESF Jardim Betania;ESF;dentro do poligono;-29.89216;-51.089326
Rua Larimar;ESF Jardim Betania;ESF;dentro do poligono;-29.873321;-51.111665
Rua Maricá;ESF Jardim Betania;ESF;dentro do poligono;-29.868781;-51.118711
Rua Nacar;ESF Jardim Betania;ESF;dentro do poligono;-29.8754;-51.110703
Rua Opala;ESF Jardim Betania;ESF;dentro do poligono;-29.874379;-51.113535
Rua Palmas;ESF Jardim Betania;ESF;dentro do poligono;-29.886793;-51.085316
Rua Plácido Motim;ESF Jardim Betania;ESF;dentro do poligono;-29.879309;-51.086077
Rua Pérola;ESF Jardim Betania;ESF;dentro do poligono;-29.873767;-51.115835
Rua Regência;ESF Jardim Betania;ESF;dentro do poligono;-29.882555;-51.106308
Rua Remanso;ESF Jardim Betania;ESF;dentro do poligono;-29.883231;-51.089945
Rua Rubi;ESF Jardim Betania;ESF;dentro do poligono;-29.87518;-51.113868
Rua Sodalita;ESF Jardim Betania;ESF;dentro do poligono;-29.874988;-51.110719
Rua Tanzatina;ESF Jardim Betania;ESF;dentro do poligono;-29.873764;-51.112561
Rua Turmalina;ESF Jardim Betania;ESF;dentro do poligono;-29.874114;-51.114439
Rua Turquesa;ESF Jardim Betania;ESF;dentro do poligono;-29.873881;-51.115373
Rua Zircônia;ESF Jardim Betania;ESF;dentro do poligono;-29.873749;-51.111659
Rua Ágata;ESF Jardim Betania;ESF;dentro do poligono;-29.873741;-51.111209
Rua Âmbar;ESF Jardim Betania;ESF;dentro do poligono;-29.87604;-51.111613
Rua Ceará;ESF José Ari da Silveira;ESF;dentro do poligono;-29.919101;-51.073884
Rua Piauí;ESF José Ari da Silveira;ESF;dentro do poligono;-29.918266;-51.072325
Travessa Iraí;ESF José Ari da Silveira;ESF;dentro do poligono;-29.922075;-51.077271
Travessa São Mateus;ESF José Ari da Silveira;ESF;dentro do poligono;-29.92322;-51.077354
Alameda do Luís;ESF José Ramos;ESF;dentro do poligono;-29.919155;-51.081503
Rua Canela;ESF José Ramos;ESF;dentro do poligono;-29.922703;-51.083532
Rua Cedro;ESF José Ramos;ESF;dentro do poligono;-29.919125;-51.080579
Rua Fidel Zancheta;ESF José Ramos;ESF;dentro do poligono;-29.919077;-51.084615
Rua Ligustro;ESF José Ramos;ESF;dentro do poligono;-29.919092;-51.08411
Rua Quaraí;ESF José Ramos;ESF;dentro do poligono;-29.918789;-51.082172
Rua Agudo;ESF Otacílio Silveira;ESF;dentro do poligono;-29.911635;-51.075385
Rua Araçá;ESF Otacílio Silveira;ESF;dentro do poligono;-29.916877;-51.081225
Rua Cabreúva;ESF Otacílio Silveira;ESF;dentro do poligono;-29.916862;-51.079374
Rua Guaíba;ESF Otacílio Silveira;ESF;dentro do poligono;-29.912001;-51.075357
Rua Montenegro;ESF Otacílio Silveira;ESF;dentro do poligono;-29.911995;-51.078367
Rua Santa Cruz do Sul;ESF Otacílio Silveira;ESF;dentro do poligono;-29.912002;-51.079025
Rua Viamão;ESF Otacílio Silveira;ESF;dentro do poligono;-29.913865;-51.079226
Rua das Hortencias;ESF Otacílio Silveira;ESF;dentro do poligono;-29.913393;-51.082128
Travessa Berlin;ESF Otacílio Silveira;ESF;dentro do poligono;-29.908133;-51.07676
Travessa Bittencourt;ESF Otacílio Silveira;ESF;dentro do poligono;-29.908867;-51.076597
Travessa Nossa Senhora das Graças;ESF Otacílio Silveira;ESF;dentro do poligono;-29.913038;-51.075561
Travessa da Ponte;ESF Otacílio Silveira;ESF;dentro do poligono;-29.916919;-51.08094
Avenida Clemente Cifali;UBS COHAB;UBS;dentro do poligono;-29.933012;-51.096022
Avenida Cruzeiro;UBS COHAB;UBS;dentro do poligono;-29.932728;-51.108317
Avenida Mário Tavares Haussen;UBS COHAB;UBS;dentro do poligono;-29.948209;-51.10154
Avenida Tancredo Neves;UBS COHAB;UBS;dentro do poligono;-29.939305;-51.109145
Avenida das Indústrias;UBS COHAB;UBS;dentro do poligono;-29.935439;-51.111441
Rua Antônio Guilherme da Silva;UBS COHAB;UBS;dentro do poligono;-29.946312;-51.101245
Rua Antônio Jacob Renner;UBS COHAB;UBS;dentro do poligono;-29.948804;-51.101351
Rua Artur Emílio Ozzio;UBS COHAB;UBS;dentro do poligono;-29.94836;-51.099644
Rua Augusto Corrêa Freitas;UBS COHAB;UBS;dentro do poligono;-29.940407;-51.100272
Rua Bruno Carlos Müller;UBS COHAB;UBS;dentro do poligono;-29.941468;-51.100509
Rua Dona Cecília;UBS COHAB;UBS;dentro do poligono;-29.942437;-51.099448
Rua Doutor Pedro Carneiro Pereira;UBS COHAB;UBS;dentro do poligono;-29.942497;-51.101473
Rua Emílio José Martins;UBS COHAB;UBS;dentro do poligono;-29.945555;-51.094662
Rua Francisco Antônio;UBS COHAB;UBS;dentro do poligono;-29.941446;-51.099939
Rua Francisco Mendes Sobrinho;UBS COHAB;UBS;dentro do poligono;-29.946005;-51.100218
Rua Frederico A. Ritter;UBS COHAB;UBS;dentro do poligono;-29.950094;-51.103707
Rua Geni da Silva;UBS COHAB;UBS;dentro do poligono;-29.945196;-51.100072
Rua Jaci Nunes da Silva;UBS COHAB;UBS;dentro do poligono;-29.943596;-51.100366
Rua Joaquim Nabuco;UBS COHAB;UBS;dentro do poligono;-29.944427;-51.101697
Rua José Carlos da Silva;UBS COHAB;UBS;dentro do poligono;-29.946479;-51.093964
Rua José Fabio da Silveira;UBS COHAB;UBS;dentro do poligono;-29.946087;-51.101898
Rua José Fábio Silveira;UBS COHAB;UBS;dentro do poligono;-29.948536;-51.102181
Rua José Loureiro da Silva;UBS COHAB;UBS;dentro do poligono;-29.945277;-51.101283
Rua José Mendes;UBS COHAB;UBS;dentro do poligono;-29.944181;-51.100529
Rua Luís Pasteur;UBS COHAB;UBS;dentro do poligono;-29.943728;-51.100934
Rua Marcos Wainstein;UBS COHAB;UBS;dentro do poligono;-29.941371;-51.113516
Rua Maurício Sirotsky Sobrinho;UBS COHAB;UBS;dentro do poligono;-29.94605;-51.105863
Rua Nélson Teichmann;UBS COHAB;UBS;dentro do poligono;-29.933083;-51.105273
Rua Paulo Sbardeloto;UBS COHAB;UBS;dentro do poligono;-29.945245;-51.10067
Rua Pedro Mulmann;UBS COHAB;UBS;dentro do poligono;-29.944438;-51.101351
Rua Ruben Bins Teichmann;UBS COHAB;UBS;dentro do poligono;-29.927737;-51.111453
Rua Santa Teresinha;UBS COHAB;UBS;dentro do poligono;-29.945749;-51.100329
Rua Simão Bolívar;UBS COHAB;UBS;dentro do poligono;-29.946123;-51.10247
Rua São Luís;UBS COHAB;UBS;dentro do poligono;-29.93986;-51.098837
Rua Vereador Inocêncio;UBS COHAB;UBS;dentro do poligono;-29.950815;-51.101835
Rua Vereador Ivo Pereira;UBS COHAB;UBS;dentro do poligono;-29.947764;-51.10045
Rua Vitino Zucatti;UBS COHAB;UBS;dentro do poligono;-29.949307;-51.101651
Rua Willy Teichmann;UBS COHAB;UBS;dentro do poligono;-29.930536;-51.109713
Rua da Igreja;UBS COHAB;UBS;dentro do poligono;-29.941284;-51.100775
Rua Ítalo Rafo;UBS COHAB;UBS;dentro do poligono;-29.938756;-51.112671
Travessa Jerônimo Manoel da Silva;UBS COHAB;UBS;dentro do poligono;-29.936747;-51.099078
Travessa Ponta Porã;UBS COHAB;UBS;dentro do poligono;-29.940081;-51.094766
Alameda Luís Schergl;UBS Décio Martins Costa;UBS;dentro do poligono;-29.956837;-51.094778
Beco Abott;UBS Décio Martins Costa;UBS;dentro do poligono;-29.956306;-51.094835
Beco Heine Renner;UBS Décio Martins Costa;UBS;dentro do poligono;-29.958299;-51.094861
Rua Alzira Batista Young;UBS Décio Martins Costa;UBS;dentro do poligono;-29.956697;-51.100629
Rua Arlindo Ferreira Soares;UBS Décio Martins Costa;UBS;dentro do poligono;-29.963128;-51.100917
Rua Capão Roxo;UBS Décio Martins Costa;UBS;dentro do poligono;-29.95334;-51.099367
Rua Clóvis Velho;UBS Décio Martins Costa;UBS;dentro do poligono;-29.96083;-51.101539
Rua Doutor Décio Martins Costa;UBS Décio Martins Costa;UBS;dentro do poligono;-29.957136;-51.102927
Rua Doutor Washington Luís;UBS Décio Martins Costa;UBS;dentro do poligono;-29.95691;-51.104644
Rua Eulina Rosa Silveira Martins;UBS Décio Martins Costa;UBS;dentro do poligono;-29.954641;-51.102209
Rua Everaldo Marquês da Silva;UBS Décio Martins Costa;UBS;dentro do poligono;-29.952514;-51.097484
Rua Governador Mém de Sá;UBS Décio Martins Costa;UBS;dentro do poligono;-29.953121;-51.09528
Rua José Alfredo Becke;UBS Décio Martins Costa;UBS;dentro do poligono;-29.955188;-51.094979
Rua João Pedro Alcântara;UBS Décio Martins Costa;UBS;dentro do poligono;-29.957626;-51.104691
Rua João de Azevedo Barbosa Filho;UBS Décio Martins Costa;UBS;dentro do poligono;-29.953176;-51.102284
Rua Marechal Eurico Gaspar Dutra;UBS Décio Martins Costa;UBS;dentro do poligono;-29.954904;-51.10441
Rua Maria Bernardina de Oliveira Maciel;UBS Décio Martins Costa;UBS;dentro do poligono;-29.953973;-51.101952
Rua Murilo L. da Silva;UBS Décio Martins Costa;UBS;dentro do poligono;-29.95151;-51.095047
Rua Ori Kindler;UBS Décio Martins Costa;UBS;dentro do poligono;-29.960579;-51.104489
Rua Osvaldo Aranha;UBS Décio Martins Costa;UBS;dentro do poligono;-29.958127;-51.098508
Rua Prudente de Moraes;UBS Décio Martins Costa;UBS;dentro do poligono;-29.958303;-51.102226
Rua Santa Bárbara;UBS Décio Martins Costa;UBS;dentro do poligono;-29.956139;-51.097259
Rua São Lourenço;UBS Décio Martins Costa;UBS;dentro do poligono;-29.962398;-51.101551
Rua Valter Jobim;UBS Décio Martins Costa;UBS;dentro do poligono;-29.954866;-51.099061
Travessa Araci;UBS Décio Martins Costa;UBS;dentro do poligono;-29.959915;-51.095169
Travessa do Carmo;UBS Décio Martins Costa;UBS;dentro do poligono;-29.959478;-51.104683
Rua Abraão Lincoln;UBS Getúlio Vargas;UBS;dentro do poligono;-29.929699;-51.07637
Rua Bento Gonzaga Ferreira;UBS Getúlio Vargas;UBS;dentro do poligono;-29.931994;-51.080635
Rua Manoel Rosa;UBS Getúlio Vargas;UBS;dentro do poligono;-29.927277;-51.076787
Rua Tiarajú;UBS Getúlio Vargas;UBS;dentro do poligono;-29.920305;-51.078659
Travessa Vargas;UBS Getúlio Vargas;UBS;dentro do poligono;-29.929511;-51.081803
Rua Adão José Haas;UBS Granja;UBS;dentro do poligono;-29.90067;-51.0894
Rua Aristides Osório Francisco;UBS Granja;UBS;dentro do poligono;-29.90044;-51.084288
Rua Candelabro;UBS Granja;UBS;dentro do poligono;-29.895895;-51.08871
Rua Chuva de Ouro;UBS Granja;UBS;dentro do poligono;-29.896597;-51.087132
Rua Dama da Noite;UBS Granja;UBS;dentro do poligono;-29.895738;-51.087088
Rua Emilio Alcides da Rosa;UBS Granja;UBS;dentro do poligono;-29.903219;-51.080475
Rua Gentil Teixeira de Mendonça;UBS Granja;UBS;dentro do poligono;-29.900984;-51.089718
Rua Gota de Orvalho;UBS Granja;UBS;dentro do poligono;-29.891813;-51.080366
Rua Jasmin;UBS Granja;UBS;dentro do poligono;-29.894493;-51.081534
Rua Jasmin Branco;UBS Granja;UBS;dentro do poligono;-29.897431;-51.08693
Rua Jasmin Laranja;UBS Granja;UBS;dentro do poligono;-29.896003;-51.088198
Rua José Antônio Lutzenberger;UBS Granja;UBS;dentro do poligono;-29.906257;-51.086323
Rua José Goulart;UBS Granja;UBS;dentro do poligono;-29.904102;-51.085562
Rua José Manoel Roxo;UBS Granja;UBS;dentro do poligono;-29.899644;-51.085342
Rua José Pereira de Andrade;UBS Granja;UBS;dentro do poligono;-29.902249;-51.084819
Rua João José Scheffer;UBS Granja;UBS;dentro do poligono;-29.901658;-51.079335
Rua Juan Albino Nunes Ayala;UBS Granja;UBS;dentro do poligono;-29.902187;-51.086912
Rua Leonelo Mafassioli;UBS Granja;UBS;dentro do poligono;-29.901972;-51.086387
Rua Lotário Orlando Maciel Diel Martinez;UBS Granja;UBS;dentro do poligono;-29.908451;-51.087948
Rua Luiz B. Dimer;UBS Granja;UBS;dentro do poligono;-29.902185;-51.084888
Rua Manoel Cândido da Rosa;UBS Granja;UBS;dentro do poligono;-29.899911;-51.084696
Rua Manoel Idalino;UBS Granja;UBS;dentro do poligono;-29.901464;-51.079716
Rua Maria Ana da Costa;UBS Granja;UBS;dentro do poligono;-29.903629;-51.080771
Rua Nildo Hainzereder Schutz;UBS Granja;UBS;dentro do poligono;-29.900165;-51.082723
Rua Nils Tarenger;UBS Granja;UBS;dentro do poligono;-29.902402;-51.087411
Rua Pedroso Curtis de Freitas;UBS Granja;UBS;dentro do poligono;-29.911293;-51.085946
Rua Professora Lígia I. Silveira Luz;UBS Granja;UBS;dentro do poligono;-29.906821;-51.083905
Avenida Vereador Clóvis Elias Prytula;UBS Jardim do Bosque;UBS;dentro do poligono;-29.916038;-51.09581
Beco do Pontilhão;UBS Jardim do Bosque;UBS;fora dos poligonos (unidade mais proxima);-29.916914;-51.114163
Estrada José Antônio do Nascimento;UBS Jardim do Bosque;UBS;dentro do poligono;-29.923963;-51.114128
Estrada Manoel José do Nascimento;UBS Jardim do Bosque;UBS;dentro do poligono;-29.918171;-51.105697
Estrada Senador Ney Brito;UBS Jardim do Bosque;UBS;dentro do poligono;-29.923091;-51.107928
Frederico Augusto Hanemann;UBS Jardim do Bosque;UBS;dentro do poligono;-29.922256;-51.095849
Rua Ardeira;UBS Jardim do Bosque;UBS;dentro do poligono;-29.930229;-51.094345
Rua Canjerona;UBS Jardim do Bosque;UBS;dentro do poligono;-29.925327;-51.093313
Rua Dorivaldo Gomes de Oliveira;UBS Jardim do Bosque;UBS;dentro do poligono;-29.930432;-51.090031
Rua Euclides Gomes de Oliveira;UBS Jardim do Bosque;UBS;dentro do poligono;-29.917168;-51.104513
Rua Gramirim;UBS Jardim do Bosque;UBS;dentro do poligono;-29.923189;-51.088943
Rua Guatambu;UBS Jardim do Bosque;UBS;dentro do poligono;-29.922532;-51.088889
Rua Hortecia;UBS Jardim do Bosque;UBS;dentro do poligono;-29.928751;-51.087665
Rua Inácio Tiele;UBS Jardim do Bosque;UBS;dentro do poligono;-29.914799;-51.086178
Rua Iris Ritter Aner;UBS Jardim do Bosque;UBS;dentro do poligono;-29.915955;-51.094105
Rua José Raul da Fonseca;UBS Jardim do Bosque;UBS;dentro do poligono;-29.913068;-51.087491
Rua Nélida Passos Dias;UBS Jardim do Bosque;UBS;dentro do poligono;-29.913599;-51.085512
Rua Olga Becker Ritter;UBS Jardim do Bosque;UBS;dentro do poligono;-29.91781;-51.094419
Rua Paineira;UBS Jardim do Bosque;UBS;dentro do poligono;-29.924941;-51.088367
Rua Pedro João Becker;UBS Jardim do Bosque;UBS;dentro do poligono;-29.930215;-51.089327
Rua Senador Nei Brito;UBS Jardim do Bosque;UBS;dentro do poligono;-29.923322;-51.105169
Rua Silvano Schneider;UBS Jardim do Bosque;UBS;dentro do poligono;-29.915477;-51.094515
Travessa Alegria;UBS Jardim do Bosque;UBS;dentro do poligono;-29.93153;-51.089906
Travessa Gregorio;UBS Jardim do Bosque;UBS;dentro do poligono;-29.923204;-51.107758
Travessa Valter Alves de Oliveira;UBS Jardim do Bosque;UBS;dentro do poligono;-29.921594;-51.105112
Rua Havaí;UBS Nova Cachoeirinha;UBS;dentro do poligono;-29.902718;-51.074063
Rua Inglaterra;UBS Nova Cachoeirinha;UBS;dentro do poligono;-29.902425;-51.06919
Travessa dos Tuganos;UBS Nova Cachoeirinha;UBS;dentro do poligono;-29.90557;-51.064874
Avenida Deputado Manoel Gonçalves Júnior;UBS Odil;UBS;dentro do poligono;-29.912233;-51.070836
Avenida Manoel Gonçalves Júnior;UBS Odil;UBS;dentro do poligono;-29.907376;-51.076092
Avenida Senador Teotônio Brandão Vilela;UBS Odil;UBS;dentro do poligono;-29.908719;-51.078704
Rua Alexandrino de Alencar;UBS Odil;UBS;fora dos poligonos (unidade mais proxima);-29.915485;-51.067498
Rua Alziro Corrêa Silveira;UBS Odil;UBS;dentro do poligono;-29.909137;-51.078021
Rua Antenor Lemos;UBS Odil;UBS;fora dos poligonos (unidade mais proxima);-29.914151;-51.064461
Rua Antônio Silveira Bento;UBS Odil;UBS;dentro do poligono;-29.912679;-51.084198
Rua Bento Gonçalves;UBS Odil;UBS;dentro do poligono;-29.911028;-51.067096
Rua Darci José Pacheco;UBS Odil;UBS;dentro do poligono;-29.910999;-51.082953
Rua Deputado Dorival Cândido Luz de Oliveira;UBS Odil;UBS;dentro do poligono;-29.905378;-51.080604
Rua Firmino José Teixeira;UBS Odil;UBS;dentro do poligono;-29.908147;-51.080872
Rua Flamboia;UBS Odil;UBS;dentro do poligono;-29.900917;-51.076677
Rua Florencia da Silveira;UBS Odil;UBS;dentro do poligono;-29.903098;-51.077018
Rua Florencio R da Silveira;UBS Odil;UBS;dentro do poligono;-29.902578;-51.077967
Rua Ivan Carlos Pa;UBS Odil;UBS;dentro do poligono;-29.900265;-51.076419
Rua José Antônio Rodrigues;UBS Odil;UBS;dentro do poligono;-29.906444;-51.079643
Rua José Fidêncio Maia;UBS Odil;UBS;dentro do poligono;-29.908695;-51.077649
Rua Juscelino Kubitschek de Oliveira;UBS Odil;UBS;dentro do poligono;-29.904844;-51.07776
Rua Nicarágua;UBS Odil;UBS;dentro do poligono;-29.905581;-51.076643
Rua Sebaldo Bolzer;UBS Odil;UBS;dentro do poligono;-29.901582;-51.076939
Rua Sebastião Florentino da Silva;UBS Odil;UBS;dentro do poligono;-29.910459;-51.082571
Rua Álvares Machado;UBS Odil;UBS;fora dos poligonos (unidade mais proxima);-29.911062;-51.064468
Rua Dalcira Francisca da Silva;UBS Osvaldo Cruz;UBS;dentro do poligono;-29.937178;-51.092392
Rua Firmino Corrêa da Gama;UBS Osvaldo Cruz;UBS;dentro do poligono;-29.935378;-51.0824
Rua Fundos da Capela;UBS Osvaldo Cruz;UBS;dentro do poligono;-29.942448;-51.09158
Rua Iberê;UBS Osvaldo Cruz;UBS;dentro do poligono;-29.936329;-51.083383
Rua Iguaçu;UBS Osvaldo Cruz;UBS;dentro do poligono;-29.937175;-51.095892
Rua Januário Nunes;UBS Osvaldo Cruz;UBS;dentro do poligono;-29.939634;-51.089268
Rua João Adelino Pacheco de Moraes;UBS Osvaldo Cruz;UBS;dentro do poligono;-29.937007;-51.090361
Rua Taquari;UBS Osvaldo Cruz;UBS;dentro do poligono;-29.932594;-51.087595
Rua Upamaroti;UBS Osvaldo Cruz;UBS;dentro do poligono;-29.937442;-51.082759
Avenida Bom Sucesso;UBS Parque da Matriz;UBS;dentro do poligono;-29.950018;-51.079762
Rua Aldoni Alves Carneiro;UBS Parque da Matriz;UBS;dentro do poligono;-29.939854;-51.078914
Rua Aparício Soares da Cunha;UBS Parque da Matriz;UBS;dentro do poligono;-29.937512;-51.078038
Rua Arpoador;UBS Parque da Matriz;UBS;dentro do poligono;-29.953573;-51.078522
Rua Cabuçu;UBS Parque da Matriz;UBS;dentro do poligono;-29.954642;-51.078485
Rua Carlos Leopoldo Schüller;UBS Parque da Matriz;UBS;dentro do poligono;-29.942566;-51.07936
Rua Deolindo Manoel Selao;UBS Parque da Matriz;UBS;dentro do poligono;-29.938421;-51.081449
Rua Elóis Joalmes Teixeira;UBS Parque da Matriz;UBS;dentro do poligono;-29.939426;-51.079153
Rua Emília Galina Bochen;UBS Parque da Matriz;UBS;dentro do poligono;-29.944719;-51.079921
Rua Henrique Dutrae Monteiro;UBS Parque da Matriz;UBS;dentro do poligono;-29.946837;-51.076319
Rua Juarez Cardoso Evalt;UBS Parque da Matriz;UBS;dentro do poligono;-29.947457;-51.078605
Rua Manoel V. Nunes;UBS Parque da Matriz;UBS;dentro do poligono;-29.947104;-51.075465
Rua Odil Silva de Oliveira;UBS Parque da Matriz;UBS;dentro do poligono;-29.94214;-51.079793
Rua Salgueiro;UBS Parque da Matriz;UBS;fora dos poligonos (unidade mais proxima);-29.937243;-51.074436
Rua Senador Luís Carlos;UBS Parque da Matriz;UBS;dentro do poligono;-29.939939;-51.079449
Rua Valença;UBS Parque da Matriz;UBS;fora dos poligonos (unidade mais proxima);-29.938581;-51.075302
Rua Visconde do Herval;UBS Parque da Matriz;UBS;fora dos poligonos (unidade mais proxima);-29.936541;-51.074216
Rua Zulmira Rodrigues da Silva;UBS Parque da Matriz;UBS;dentro do poligono;-29.944741;-51.077411
